,Mkt-RF,SMB,HML,RMW,CMA,RF,MOM
196307,-0.39,-0.45,-0.94,0.66,-1.15,0.27,1
196308,5.07,-0.82,1.82,0.4,-0.4,0.25,1.03
196309,-1.57,-0.48,0.17,-0.76,0.24,0.27,0.16
196310,2.53,-1.3,-0.04,2.75,-2.24,0.29,3.14
196311,-0.85,-0.85,1.7,-0.45,2.22,0.27,-0.75
196312,1.83,-1.9,-0.06,0.07,-0.3,0.29,1.7
196401,2.24,0.08,1.53,0.22,1.5,0.3,1.06
196402,1.54,0.31,2.86,0.06,0.85,0.26,0.24
196403,1.41,1.4,3.37,-2.01,2.93,0.31,0.71
196404,0.1,-1.5,-0.66,-1.35,-1.08,0.29,-0.6
196405,1.42,-0.7,1.99,-0.26,0.24,0.26,2.54
196406,1.27,0.08,0.72,-0.42,0.14,0.3,0.45
196407,1.74,0.52,0.73,0.14,1.84,0.3,-0.38
196408,-1.44,0.31,0.07,0.06,0.36,0.28,-0.19
196409,2.69,-0.32,1.72,-0.48,0.58,0.28,-0.39
196410,0.59,0.88,1.15,-0.29,0.48,0.29,0.08
196411,0,-0.27,-1.95,0.6,-0.16,0.29,1.08
196412,0.03,-0.58,-2.52,1.13,-1.63,0.31,-0.69
196501,3.54,2.49,0.16,0.84,0.11,0.28,-1.28
196502,0.44,3.32,0.16,0.4,-0.69,0.3,0.3
196503,-1.34,2.04,1.05,-0.3,0.73,0.36,0.1
196504,3.11,1.18,0.68,0.26,-2.3,0.31,2.54
196505,-0.77,0.06,-1.63,-0.38,0.7,0.31,0.54
196506,-5.51,-4.3,0.56,0.12,0.41,0.35,-3.12
196507,1.43,1.08,2.18,-1.41,-0.02,0.31,4.1
196508,2.73,2.71,-0.96,2.06,-0.75,0.33,2.58
196509,2.86,0.62,-0.09,-0.82,0.82,0.31,3.37
196510,2.6,3.42,1.54,1.22,-0.76,0.31,3.45
196511,-0.03,5.19,0.21,-1.06,-0.9,0.35,4.42
196512,1.01,2.64,1.96,-1.28,-0.45,0.33,0.09
196601,0.72,4.71,3.51,-2.83,-0.07,0.38,5.41
196602,-1.21,4.86,0.27,-0.15,-1.44,0.35,4.58
196603,-2.51,0.22,-2.07,1.3,-0.01,0.38,1.34
196604,2.14,3.36,-0.54,0.41,-0.91,0.34,6.18
196605,-5.66,-5.18,-1.57,1.66,-1.52,0.41,-4.69
196606,-1.44,1.34,0.5,0.06,0.8,0.38,3.28
196607,-1.63,-0.5,0.99,-0.45,1.77,0.35,-1.39
196608,-7.91,-3.02,0.44,0.05,0.77,0.41,-2.11
196609,-1.06,-1.18,0.49,-1.65,2.5,0.4,-1.73
196610,3.86,-6.52,2.86,-3.64,4.28,0.45,-5.13
196611,1.4,3.37,-4.53,4.17,-6.53,0.4,5.73
196612,0.13,1.94,-1.28,0.68,-0.13,0.4,1.07
196701,8.15,8.97,2.45,0.62,-2.97,0.43,-6.75
196702,0.78,3.02,-2.15,1.94,-0.94,0.36,3.56
196703,3.99,1.87,0.46,0.9,-1.51,0.39,1.42
196704,3.89,0.46,-2.52,2.43,-3.75,0.32,0.64
196705,-4.33,2.36,0.99,-1.75,1.61,0.33,0.67
196706,2.41,6.45,0.95,-0.64,-2.39,0.27,6.03
196707,4.58,3.46,2.8,0.51,2.72,0.31,-1.07
196708,-0.89,0.76,1.39,0.42,1.41,0.31,-1.41
196709,3.11,2.47,-2.48,0.22,-0.95,0.32,2.55
196710,-3.09,0.47,-3.38,0.81,-2.55,0.39,3.67
196711,0.37,-0.06,-1.7,1.29,-2.29,0.36,1.29
196712,3.05,5.76,-0.45,-0.64,0.03,0.33,3.23
196801,-4.06,4.47,4.79,-4.58,6.45,0.4,-4.64
196802,-3.75,-2.92,1.18,-0.14,2.49,0.39,-3.41
196803,0.2,-1.52,-0.62,1.17,-1.15,0.38,3.18
196804,9.05,6.26,-1.14,2.79,-3.66,0.43,5.15
196805,2.28,7.03,0.86,0.39,-1.82,0.45,3.73
196806,0.69,-0.27,0.68,-1.33,2.68,0.43,-1.92
196807,-2.72,-1.33,5.41,-3,3.61,0.48,-0.84
196808,1.34,2.29,1.01,-0.6,0.4,0.42,1.88
196809,4.03,2.77,0.33,-2.03,0.92,0.43,-0.67
196810,0.42,-0.43,2.85,-1.3,2.81,0.44,-1.52
196811,5.43,2.41,-0.9,0.46,-2.52,0.42,1.73
196812,-3.94,3.6,0,-1.78,1.65,0.43,0.11
196901,-1.25,-0.46,1.66,-1.54,1.41,0.53,-0.15
196902,-5.84,-4.13,0.86,2.17,0.8,0.46,-2.46
196903,2.64,-0.41,-0.52,-1.34,-0.42,0.46,3.95
196904,1.46,-0.82,-0.03,0.38,0.06,0.53,1.17
196905,-0.1,-0.18,0.71,-0.97,1.49,0.48,1.68
196906,-7.18,-5.49,-1.1,4.26,-1.55,0.51,-2.23
196907,-7,-3.37,1.22,1.4,1.97,0.53,1.64
196908,4.68,0.7,-3.83,1.16,-4.08,0.5,2.14
196909,-2.98,1.29,-3.27,3.42,-0.83,0.62,2.53
196910,5.06,3.9,-3.04,0.01,-2.03,0.6,-4.32
196911,-3.79,-2.41,-1.15,1.44,0.32,0.52,3.6
196912,-2.63,-3.69,-3,2.47,-2.04,0.64,5.05
197001,-8.1,3.09,3.15,-1.77,3.92,0.6,0.63
197002,5.13,-2.58,4.02,-2.28,3.06,0.62,0.12
197003,-1.06,-2.4,4.09,-0.87,4.43,0.57,-0.29
197004,-11,-6.29,6.21,-0.64,5.88,0.5,-0.73
197005,-6.92,-4.42,3.43,-1.3,3.62,0.53,-2.73
197006,-5.79,-2.16,0.6,0.19,2.9,0.58,5.78
197007,6.93,-0.69,1.01,-0.07,1.9,0.52,-2.94
197008,4.49,1.55,1.02,0.57,-0.15,0.53,-6.5
197009,4.18,8.48,-5.63,0.24,-5.93,0.54,-8.92
197010,-2.28,-4.5,0.25,1.83,2.38,0.46,9.61
197011,4.6,-4,1.67,1.75,1.59,0.46,2.89
197012,5.72,3.03,0.86,0.14,0.28,0.42,-2.19
197101,4.84,7.54,1.33,-2.19,-0.14,0.38,-6.71
197102,1.41,2.04,-1.22,0.65,-0.72,0.33,0.81
197103,4.13,2.14,-4.06,1.97,-2.69,0.3,-1.21
197104,3.15,-0.38,0.71,-1.56,0.72,0.28,1.32
197105,-3.98,-1.18,-1.48,1.46,0.3,0.29,0.89
197106,-0.1,-1.45,-1.82,1.52,-1.74,0.37,2.72
197107,-4.5,-1.4,0.17,0.48,1.62,0.4,-2.37
197108,3.79,-0.18,2.56,-0.34,2.6,0.47,3.51
197109,-0.85,0.2,-2.89,2.59,-1.56,0.37,2.09
197110,-4.42,-1.65,-0.37,1.48,-1.24,0.37,0.46
197111,-0.46,-2.88,-1.73,2.45,-0.36,0.37,1.48
197112,8.71,3.26,-0.41,-0.43,-1.83,0.37,-0.68
197201,2.49,6.31,1.93,-1.48,0.29,0.29,0.24
197202,2.87,0.96,-2.8,1.65,-0.52,0.25,2.7
197203,0.63,-0.5,-1.68,1.58,-0.19,0.27,2.91
197204,0.29,0.15,0.24,-0.59,-0.89,0.29,2.9
197205,1.25,-3.14,-2.73,2.33,-1.85,0.3,3.18
197206,-2.43,-0.35,-2.6,1.75,-0.36,0.29,1.91
197207,-0.8,-2.74,0.71,1.08,-0.59,0.31,2.74
197208,3.26,-3.53,4.64,-2.02,2.95,0.29,-5.35
197209,-1.14,-2.25,0.51,1.67,-1.98,0.34,1.76
197210,0.52,-2.52,1.3,-0.12,-0.05,0.4,0.76
197211,4.6,-0.54,4.82,-1.98,3.35,0.37,-5.14
197212,0.62,-1.82,-2.24,2.6,-2.2,0.37,4.98
197301,-3.29,-2.79,2.67,0.4,0.92,0.44,3.71
197302,-4.85,-4.01,1.71,-0.34,-0.01,0.41,2.12
197303,-1.3,-2.31,2.73,-1.07,0.73,0.46,3.62
197304,-5.68,-2.99,5.62,-1.63,2.71,0.52,6.41
197305,-2.94,-5.98,0.25,2.02,-1.79,0.51,7.09
197306,-1.56,-2.53,1.37,-0.27,0.22,0.51,4.32
197307,5.05,7.28,-5.32,-0.1,-3.46,0.64,-11.69
197308,-3.82,-1.79,1.32,-1.36,1.2,0.7,3.42
197309,4.75,3.58,2.01,-2.3,1.82,0.68,-7.03
197310,-0.83,-0.32,2.03,-1.94,2.59,0.65,6.74
197311,-12.75,-7.24,3.91,-2.71,1.5,0.56,8.63
197312,0.61,-4.59,3.9,-2.8,2.3,0.64,10.39
197401,-0.17,10.38,5.99,-3.01,4.46,0.63,-8.82
197402,-0.47,0.1,2.86,-1.93,2.67,0.58,0.14
197403,-2.81,2.67,-0.28,2.82,0.36,0.56,-0.99
197404,-5.29,-0.63,0.95,2.86,1.84,0.75,2
197405,-4.68,-3.17,-2.08,5.08,-0.01,0.75,-0.26
197406,-2.83,-0.01,0.78,0.62,3.05,0.6,2.37
197407,-8.05,1.99,5.14,-3.26,4.58,0.7,3.01
197408,-9.35,0.3,2.5,-0.26,2.55,0.6,3
197409,-11.77,1.46,5.49,-4.28,5.91,0.81,4.32
197410,16.1,-6.85,-9.99,-0.03,-2.94,0.51,-0.5
197411,-4.51,-1.44,-0.16,-3.39,2.95,0.54,2.18
197412,-3.45,-4.36,0,-0.65,3.23,0.7,2.95
197501,13.66,12.79,8.44,-0.89,-0.86,0.58,-13.89
197502,5.56,-0.65,-4.56,1.15,-2.14,0.43,-0.55
197503,2.66,3.98,2.49,1.23,-1.25,0.41,-1.99
197504,4.23,-0.59,-1.11,1.37,-1.35,0.44,1.34
197505,5.19,2.89,-4.02,-1.05,-0.61,0.44,-0.47
197506,4.83,1.32,1.32,-2.62,1.07,0.41,0.06
197507,-6.59,3.42,1.7,0.43,1.19,0.48,0.42
197508,-2.85,-2.8,-0.95,1.03,-0.89,0.48,-0.13
197509,-4.26,0.02,0.34,0.53,0.5,0.53,0.32
197510,5.31,-4.24,0.34,-0.46,2.27,0.56,-0.14
197511,2.64,-1.07,1.96,-0.62,1.71,0.41,-0.45
197512,-1.6,-0.03,1.74,-0.12,0.6,0.48,-0.12
197601,12.16,6.35,8.65,-1.9,2.36,0.47,4.46
197602,0.32,7.97,5.85,-2.58,3.84,0.34,0.36
197603,2.32,-1.33,-0.08,-0.38,1.09,0.4,0.19
197604,-1.49,0.15,-0.14,0.39,-1.1,0.42,0.5
197605,-1.34,-1.12,-1.3,2.47,-1.42,0.37,-1.1
197606,4.05,-1.13,0.65,-0.59,0.93,0.43,-0.43
197607,-1.07,0.62,1.69,-1.09,0.29,0.47,-0.12
197608,-0.56,-2.03,0.81,-0.46,-0.59,0.42,-0.85
197609,2.07,0.12,-0.24,0.99,-1.14,0.44,0.24
197610,-2.42,0.16,-0.15,-0.22,-0.32,0.41,-0.48
197611,0.36,2.66,1.51,-1.39,0.07,0.4,2.9
197612,5.65,3.6,2.2,-0.62,2.23,0.4,0.77
197701,-4.05,5.89,4.25,-0.53,1.93,0.36,3.98
197702,-1.94,1.11,0.52,-0.13,-0.19,0.35,0.35
197703,-1.37,1.29,1.06,-0.32,-0.09,0.38,0.49
197704,0.15,0.6,3.44,-2.05,1.14,0.38,4.22
197705,-1.45,1.28,0.84,0.33,0.11,0.37,2.01
197706,4.71,2.08,-0.68,0.88,-1.22,0.4,1.77
197707,-1.69,1.82,-0.6,0.83,0.01,0.42,0.31
197708,-1.75,0.89,-2.76,0.96,-0.62,0.44,-1.78
197709,-0.27,1.56,-0.51,1.23,-0.84,0.43,2.06
197710,-4.38,1.5,1.73,-0.3,-0.46,0.49,-0.13
197711,4,3.62,0.29,-0.05,0.65,0.5,2.19
197712,0.27,1.61,-0.38,0.94,-0.65,0.49,1.56
197801,-6.01,2.69,3.31,-1.67,1.53,0.49,-0.72
197802,-1.38,3.67,0.71,0.36,1.04,0.46,1.9
197803,2.85,3.72,1.23,-0.6,1.88,0.53,1.37
197804,7.88,-0.31,-3.56,2.82,-1.35,0.54,0.85
197805,1.76,4.56,-0.59,0.27,0.36,0.51,2.85
197806,-1.69,1.59,0.55,-1.44,-0.02,0.54,2.78
197807,5.11,0.15,-1.08,1.58,-0.78,0.56,4.22
197808,3.75,4.93,-0.57,1.39,0.42,0.56,2.82
197809,-1.43,-0.29,1.87,-0.68,1.8,0.62,-3.11
197810,-11.91,-10.05,1.4,0.17,1.03,0.68,-8.39
197811,2.71,2.84,-2.19,1.09,-1.21,0.7,5.52
197812,0.88,1.08,-2.17,1.96,-1.38,0.78,3.05
197901,4.23,3.84,2.29,-2.5,1.57,0.77,-1.24
197902,-3.56,0.55,1.16,-1.14,1.04,0.73,-1.06
197903,5.68,3.16,-0.69,0.62,0.28,0.81,2.88
197904,-0.06,2.4,1,1.05,0.21,0.8,0.81
197905,-2.21,0.15,1.3,-1.39,-0.35,0.82,-0.57
197906,3.85,0.99,1.45,-1.61,-0.45,0.81,0.82
197907,0.82,1.24,1.75,-0.2,0.59,0.77,-1.09
197908,5.53,1.98,-1.52,1.58,-1.45,0.77,-0.23
197909,-0.82,-0.27,-0.87,1.02,0.54,0.83,5.34
197910,-8.1,-3.46,-1.81,1.04,0.24,0.87,2.12
197911,5.21,2.44,-3.38,0.11,-2,0.99,7.96
197912,1.79,4.35,-2.04,-0.67,-1.01,0.95,4.78
198001,5.51,1.9,1.72,-1.67,2.01,0.8,7.51
198002,-1.22,-1.5,0.66,0.11,3.03,0.89,7.88
198003,-12.9,-6.97,-1.02,1.38,-1.34,1.21,-9.59
198004,3.97,1,1.01,-2.09,0.54,1.26,-0.42
198005,5.26,2.1,0.38,0.31,-0.47,0.81,-1.11
198006,3.06,1.47,-0.85,-0.09,-0.95,0.61,1.59
198007,6.49,3.93,-6.29,3.94,-2.46,0.53,0.37
198008,1.8,4.26,-2.64,2.1,-0.8,0.64,3.19
198009,2.19,0.58,-4.77,2.03,-2.81,0.75,5.44
198010,1.06,2.33,-2.77,1.67,-1.22,0.95,7.32
198011,9.59,-3.41,-8.36,4.53,-5.74,0.96,15.24
198012,-4.52,-0.3,2.73,-1.25,1.18,1.31,-6.65
198101,-5.04,3.38,6.83,-3.54,4.35,1.04,-7.94
198102,0.57,-0.49,1,0.19,2.25,1.07,-1.39
198103,3.56,3.07,0.69,-2.34,-0.53,1.21,0.73
198104,-2.11,4.6,2.29,0.82,1.2,1.08,-0.95
198105,0.11,2.45,-0.47,0.33,-1.6,1.15,3.75
198106,-2.36,-0.96,5.1,-1.35,2.68,1.35,-5.9
198107,-1.54,-1.97,-0.68,1.08,-3.04,1.24,-2.52
198108,-7.04,-1.81,4.84,-0.25,1.46,1.28,-1.12
198109,-7.17,-2.5,5.2,-0.02,2.79,1.24,1.97
198110,4.92,2.24,-4.22,3.29,-2.76,1.21,4.07
198111,3.36,-1.38,1.89,0.1,0.63,1.07,-0.26
198112,-3.65,1.19,0.75,0.19,2.41,0.87,1.32
198201,-3.24,-1.18,3.19,-1.52,2.08,0.8,1.73
198202,-5.86,0.36,6.1,-3.38,4.57,0.92,5
198203,-1.87,0,3.79,-1.44,2.37,0.98,2.93
198204,3.27,1.15,-2.77,1.51,-0.15,1.13,-0.41
198205,-3.99,0.56,1.8,0.91,-0.09,1.06,2.55
198206,-3.09,-0.51,1.54,0.03,2.72,0.96,5
198207,-3.19,0.95,0.12,1.03,1.54,1.05,4.47
198208,11.14,-4.29,1,-1.96,0.18,0.76,-3.52
198209,1.29,2.58,0.33,2.12,-0.04,0.51,4.17
198210,11.3,1.92,-3.73,0.3,-0.37,0.59,0.03
198211,4.67,4.53,-1.89,-1.05,0.32,0.63,5.89
198212,0.55,-0.01,-0.03,-0.07,1.03,0.67,0.02
198301,3.6,3.28,-0.81,-1.5,-0.46,0.69,-1.7
198302,2.59,2.91,0.7,-0.57,1.02,0.62,3.83
198303,2.82,1.41,2.05,-0.07,2.81,0.63,0.93
198304,6.67,0.48,0.56,-0.16,1.6,0.71,1.8
198305,0.52,6.22,-1.42,-1.85,-1.53,0.69,-1.59
198306,3.07,1.15,-3.93,2.52,-0.89,0.67,1.78
198307,-4.07,0.98,5.61,-0.03,2.84,0.74,-3.13
198308,-0.5,-4.34,5.56,0.45,1.95,0.76,-5.44
198309,0.91,0.25,1.08,1.21,0.59,0.76,-0.1
198310,-3.44,-3.82,5.07,-0.81,2.97,0.76,-4.56
198311,2.16,1.88,-0.64,-0.48,0.64,0.7,-0.09
198312,-1.78,-0.47,1.68,1.59,1.21,0.73,0.74
198401,-1.92,-0.07,7.62,-0.93,3,0.76,-2.49
198402,-4.82,-1.62,3.36,0.82,1.57,0.71,0.19
198403,0.63,-0.28,0.51,-0.93,1.09,0.73,1.09
198404,-0.51,-1.02,1.27,3.27,0.76,0.81,2.05
198405,-5.97,0.08,0.26,2.32,-0.5,0.78,1.52
198406,1.82,0.07,-2.62,3.08,-1.51,0.75,-0.7
198407,-2.74,-2.22,0.48,3.69,-2.17,0.82,2.93
198408,10.28,-0.3,-1.82,-0.89,-0.81,0.83,-5.69
198409,-0.8,0,5.32,1.4,2.53,0.86,3.67
198410,-0.84,-1.43,0.51,1.17,-1.16,1,3.21
198411,-1.76,-0.98,4.08,0.81,2.08,0.73,1.7
198412,1.84,-0.69,-0.2,1.21,-1.26,0.64,1.54
198501,7.99,3.5,-5.41,-0.83,-3.36,0.65,-6.9
198502,1.22,1,-0.13,1.26,1.03,0.58,1.82
198503,-0.84,-1.48,4.1,1.18,2.94,0.62,1.68
198504,-0.96,-0.1,3.72,1.59,0.71,0.72,3.06
198505,5.09,-2.33,-0.92,1.3,-1.39,0.66,4
198506,1.27,0.35,0.5,1.69,-0.59,0.55,3.63
198507,-0.74,2.89,-1.68,-0.45,-0.31,0.62,-3.94
198508,-1.02,-0.32,2.32,-0.04,1.88,0.55,1.82
198509,-4.54,-1.81,1.31,1.16,1.61,0.6,1.48
198510,4.02,-1.55,0.78,0.92,-1.11,0.65,4.88
198511,6.48,0,-2.88,0.29,-2.33,0.61,-0.4
198512,3.88,-0.39,-1.52,0.97,-1.8,0.65,-0.13
198601,0.65,1.01,0.52,-2.02,-2.05,0.56,2.96
198602,7.13,-0.75,-0.85,1.15,-1.39,0.53,2.78
198603,4.88,-0.57,-0.44,1.12,0.99,0.6,2.45
198604,-1.31,2.92,-2.86,2.91,0.02,0.52,-0.5
198605,4.62,-1.26,-0.14,2.08,1.11,0.49,2.02
198606,1.03,-0.88,1.36,1.83,0.87,0.52,5.16
198607,-6.45,-3.54,4.76,-0.57,0.61,0.52,1.8
198608,6.07,-4.37,3.5,-1.74,3.24,0.46,-5.01
198609,-8.6,1.96,3.16,-0.05,3.62,0.45,-5.86
198610,4.66,-2.33,-1.37,0.13,0.89,0.46,2.69
198611,1.17,-1.88,-0.13,1.12,0.61,0.39,-0.32
198612,-3.27,0.07,0.27,0.83,-0.03,0.49,0.4
198701,12.47,-1.52,-3.26,0.2,-1.09,0.42,2.1
198702,4.39,3.41,-5.97,-0.9,-2.76,0.43,-2.17
198703,1.64,0.22,1.62,1.36,4.03,0.47,1.6
198704,-2.11,-1.55,-0.34,-0.46,1.22,0.44,0.26
198705,0.11,-0.6,0.22,0.52,1.32,0.38,-0.68
198706,3.94,-2.29,1.01,1.73,0.83,0.48,-0.2
198707,3.85,-1.11,0.67,-0.5,1.56,0.46,2.67
198708,3.52,-0.9,-0.92,2.03,-1.59,0.47,-0.87
198709,-2.59,0.37,0.27,-0.9,1.89,0.45,0.71
198710,-23.24,-8.08,4.2,2.01,2.39,0.6,-7.86
198711,-7.77,2.83,3.13,-1.92,0.71,0.35,-1.14
198712,6.81,0.09,-4.45,3.01,-2.36,0.39,5.83
198801,4.21,-0.54,4.99,-1.12,2.09,0.29,-7.58
198802,4.75,3.32,-1.62,1.56,-0.11,0.46,-1.54
198803,-2.27,6.25,0.72,-0.16,1.91,0.44,0.63
198804,0.56,1.12,1.7,-0.23,1.9,0.46,2.25
198805,-0.29,-2.59,2.33,-0.7,0.38,0.51,0.64
198806,4.79,2.19,-1.09,1.42,-3.25,0.49,-2.91
198807,-1.25,-0.17,2.2,-0.59,1.44,0.51,0.63
198808,-3.31,-0.01,2.12,-0.74,1.73,0.59,0.33
198809,3.3,-1.31,-0.68,1.73,-0.49,0.62,0.23
198810,1.15,-2.95,1.7,1.4,1.05,0.61,1.31
198811,-2.29,-1.66,1.3,-0.28,1.6,0.57,0.42
198812,1.49,2.01,-1.54,0.63,-0.37,0.63,0.42
198901,6.1,-2.23,0.49,-1.03,0.16,0.55,-0.14
198902,-2.25,2.67,0.9,-0.81,1.9,0.61,0.94
198903,1.57,0.77,0.47,0,0.79,0.67,3.56
198904,4.33,-0.69,-1.42,0.75,-0.54,0.67,1.69
198905,3.35,-0.01,-0.9,0.5,-0.03,0.79,1.56
198906,-1.35,-1.07,2.27,0.22,1.52,0.71,0.63
198907,7.2,-4.05,-2.79,1.97,-0.61,0.7,5.41
198908,1.44,0.43,0.63,0.34,-0.5,0.74,-0.15
198909,-0.76,0.44,-1.25,1.36,0.59,0.65,3.4
198910,-3.67,-3.32,-1.07,0.01,0.01,0.68,1.36
198911,1.03,-1.33,-1.07,-0.97,1.47,0.69,2.58
198912,1.16,-2.3,0.21,-0.06,1.44,0.61,2.79
199001,-7.85,-1.32,0.78,-1.13,1.32,0.57,-3.28
199002,1.11,1.19,0.65,-0.2,-0.64,0.57,-0.53
199003,1.83,1.66,-3.03,2.18,-1.03,0.64,1.64
199004,-3.36,-0.39,-2.47,1.72,-0.97,0.69,2.43
199005,8.42,-2.39,-3.89,1.63,-1.57,0.68,3.05
199006,-1.09,1.37,-1.99,-1.05,-0.34,0.63,2.43
199007,-1.9,-3.26,-0.11,-0.26,3.1,0.68,5.94
199008,-10.15,-3.85,1.63,-0.43,2.99,0.66,1.76
199009,-6.12,-3.78,0.71,-0.15,3.71,0.6,5.56
199010,-1.92,-5.1,0.19,2.83,-0.49,0.68,6.73
199011,6.35,-0.04,-3.21,0.83,-4.75,0.57,-5.62
199012,2.46,0.59,-1.72,2.84,-2,0.6,0.02
199101,4.69,3.86,-1.74,1.56,-4.08,0.52,-6.55
199102,7.19,3.97,-0.55,-0.25,-0.16,0.48,-4.75
199103,2.65,3.85,-1.32,-0.37,-0.99,0.44,2.76
199104,-0.28,0.32,1.48,0.52,0.71,0.53,-2.4
199105,3.65,0.16,-0.57,2.1,-2.45,0.47,-0.09
199106,-4.94,0.18,1.23,1.75,0.63,0.42,0.46
199107,4.24,-0.96,-1.25,1.6,-1.41,0.49,4.34
199108,2.32,1.44,-0.83,0.87,-0.55,0.46,1.63
199109,-1.59,1.56,-0.98,-1.81,0.16,0.46,1.73
199110,1.29,0.94,-0.47,-1.73,-0.29,0.42,3.22
199111,-4.19,-0.87,-1.85,1.06,0.12,0.39,1.26
199112,10.84,-2.42,-4.11,3.57,-3.12,0.38,8.3
199201,-0.59,9.26,4.61,-1.33,3.15,0.34,-2.51
199202,1.09,1.35,6.37,0.11,2.04,0.28,-0.58
199203,-2.66,-0.9,3.61,-0.1,1.93,0.34,-0.36
199204,1.07,-5.73,4.27,1.69,2.22,0.32,-2.54
199205,0.3,0.22,1.25,-0.98,0.43,0.28,0.13
199206,-2.34,-2.71,3.36,-0.05,1.07,0.32,-0.61
199207,3.77,-0.61,-0.37,1.4,-0.72,0.31,1.44
199208,-2.38,-0.43,-1.06,3.73,-1.62,0.26,-0.51
199209,1.19,0.5,-0.28,1.63,-0.5,0.26,1.43
199210,1.02,2.03,-2.01,1.3,-0.8,0.23,2.71
199211,4.13,3.93,-1.4,-0.77,-1.91,0.23,-0.34
199212,1.53,1.64,2.63,-0.41,0.75,0.28,4.44
199301,0.93,2.07,5.92,-1.73,2.78,0.23,4.83
199302,0.12,-3.47,6.41,-0.59,4.05,0.22,3.1
199303,2.3,0.06,1.31,-0.14,0.92,0.25,3.74
199304,-3.05,-0.86,2.52,-3.58,1.52,0.24,0.33
199305,2.89,1.9,-3.45,0,-1.18,0.22,0.3
199306,0.31,0.11,2.72,-0.97,1.09,0.25,4.57
199307,-0.34,0.89,2.82,-1.84,2.03,0.24,3.25
199308,3.71,0.13,0.13,-1.59,-0.04,0.25,2.58
199309,-0.12,2.98,-0.25,0.26,-0.08,0.26,3.41
199310,1.41,1.9,-2.72,0.55,0.59,0.22,-2.67
199311,-1.89,-1.26,-0.77,2.25,-0.96,0.25,-4.71
199312,1.65,1.39,0.36,1.13,-0.32,0.23,2.28
199401,2.87,-0.01,1.13,-1.59,1.45,0.25,0.02
199402,-2.55,2.66,-1.59,2.2,-1.03,0.21,-0.29
199403,-4.78,-1.11,1.63,0.55,1.27,0.27,-1.33
199404,0.68,-1.06,1.66,1.11,1.12,0.27,0.41
199405,0.58,-2.52,0.66,0.66,0.7,0.31,-2.15
199406,-3.03,-0.52,1.72,1.15,1.53,0.31,-0.82
199407,2.82,-1.84,0.56,-0.63,0.11,0.28,0.19
199408,4.01,1.34,-2.47,0.9,-1.45,0.37,1.56
199409,-2.31,2.78,-1.87,0.51,0.93,0.37,1.33
199410,1.34,-2.3,-1.66,0.22,-0.62,0.38,1.43
199411,-4.04,0.09,-0.69,0.45,-0.44,0.37,-0.2
199412,0.86,0.07,-0.2,0.5,0.31,0.44,3.5
199501,1.8,-3.11,2.54,0.09,-0.83,0.42,-1.82
199502,3.63,-0.52,1.12,0.61,-0.33,0.4,-0.36
199503,2.19,-0.51,-2.15,-0.09,0.16,0.46,0.38
199504,2.11,-0.29,1.71,0.24,1,0.44,1.8
199505,2.9,-2.2,2.23,0.37,0.09,0.54,-0.44
199506,2.72,3.03,-2.5,-0.33,-2.44,0.47,2.9
199507,3.72,2.07,-1.63,0.28,-1.71,0.45,2.53
199508,0.55,1.78,2.84,-1.17,1.64,0.47,0.09
199509,3.35,-1.97,0.02,1.06,0.36,0.43,2.71
199510,-1.52,-4.09,-0.46,1.84,-0.03,0.47,4.11
199511,3.96,-1.14,0.61,-0.54,1.19,0.42,-0.65
199512,1.03,0.69,0.33,-1.35,2.99,0.49,2.54
199601,2.26,-2.49,0.22,0.13,2.27,0.43,0.57
199602,1.33,1.76,-1.16,0.24,-1.8,0.39,0.57
199603,0.73,1.63,0.31,1.46,-0.97,0.39,-1.88
199604,2.06,4.7,-4.08,-0.14,-2.2,0.46,-0.91
199605,2.36,3.13,-0.8,0.15,-0.22,0.42,1.55
199606,-1.14,-3.57,2.26,3.34,1.09,0.4,1.01
199607,-5.97,-3.82,5.16,2.95,2.59,0.45,-0.11
199608,2.77,2.58,-0.78,-0.41,-2.42,0.41,-0.05
199609,5.01,-1.37,-2.76,1.24,-2.18,0.44,2.7
199610,0.86,-3.84,4.92,1.52,2.97,0.42,3.91
199611,6.25,-3.82,1.46,2.05,-0.73,0.41,-2.23
199612,-1.7,3.16,1.33,0.41,1.52,0.46,0.61
199701,4.98,-1.85,-1.43,1.23,-0.28,0.45,1.95
199702,-0.49,-2.66,5.7,0.67,3.41,0.39,-2.05
199703,-5.02,-0.5,3.43,0.46,1.66,0.43,0.96
199704,4.04,-5.72,0.09,3.36,-0.9,0.43,4.92
199705,6.74,4.74,-4.08,-1.03,-2.91,0.49,-5.16
199706,4.1,1.17,1.62,0.61,0.55,0.37,2.62
199707,7.33,-2.76,0.2,0.09,-2.56,0.43,3.81
199708,-4.15,7.65,1.12,-1.01,-0.02,0.41,-2.55
199709,5.35,2.5,0.29,-1.59,-0.93,0.44,1.45
199710,-3.8,-0.54,2.33,1.07,1.87,0.42,-0.38
199711,2.98,-5.09,1.24,2.83,1.66,0.39,0.29
199712,1.32,-2.14,4.03,0.76,1.92,0.48,3.95
199801,0.15,-1.3,-1.65,0.87,-0.85,0.43,0.11
199802,7.04,0.14,-0.78,-0.31,-2.41,0.39,-1.15
199803,4.76,-0.67,1.54,-0.3,-0.47,0.39,2.15
199804,0.73,-0.05,0.89,-1.63,-0.23,0.43,0.78
199805,-3.07,-2.95,3.43,1.05,2.54,0.4,1.88
199806,3.18,-3.72,-1.8,-0.29,-2.93,0.41,7.26
199807,-2.46,-5.25,-1.71,1.83,0.45,0.4,3.68
199808,-16.08,-5.17,3.56,3.45,5.84,0.43,1.88
199809,6.15,-0.8,-3.42,-1.69,-2.91,0.46,-0.71
199810,7.13,-3.43,-2.21,0.77,0.29,0.32,-5.36
199811,6.1,0.71,-3.16,-1.08,-1.15,0.31,1.16
199812,6.16,-1.57,-4.2,-0.66,-3.33,0.38,8.99
199901,3.5,-0.62,-4.66,-2.66,-6.86,0.35,3.04
199902,-4.08,-5.22,1.91,-1.24,4.09,0.35,-0.16
199903,3.45,-4.18,-2.77,-3.9,-1.4,0.43,-1.29
199904,4.33,4.67,2.34,-2.26,0.92,0.37,-9.06
199905,-2.46,3.64,2.36,0.76,3.36,0.34,-5.28
199906,4.77,2.27,-3.4,1.11,-3.38,0.4,4.88
199907,-3.49,2.49,-0.48,0.45,3.11,0.38,1.51
199908,-1.38,-1.83,-1.72,-0.2,0.31,0.39,2.92
199909,-2.79,2.57,-3.42,-0.77,-1.07,0.39,6.46
199910,6.12,-7.05,-3.16,-1.88,-1.25,0.39,5.47
199911,3.37,5.81,-6.07,-4.01,-1.58,0.36,5.62
199912,7.72,5.42,-8.4,-7.53,-5.29,0.44,13.19
200001,-4.74,4.38,-1.75,-6.07,4.73,0.41,1.86
200002,2.45,18.08,-8.94,-18.48,-0.51,0.43,18.36
200003,5.2,-14.89,7.66,11.53,-1.05,0.47,-6.39
200004,-6.4,-5.25,7.41,7.66,5.27,0.46,-8.57
200005,-4.42,-4.11,5.01,4.36,0.74,0.5,-9.08
200006,4.64,9.89,-8.22,-8.05,-3.07,0.4,16.59
200007,-2.51,-1.03,8.4,6.28,2.99,0.48,-0.11
200008,7.03,-0.94,-1.47,-3.17,0.61,0.5,5.7
200009,-5.45,0.02,7.28,2.77,6.43,0.51,2.2
200010,-2.76,-2.86,5.71,9.44,4.67,0.56,-4.63
200011,-10.72,-0.69,12.53,13.38,8.51,0.51,-2.4
200012,1.19,3.16,7.67,2.35,5.68,0.5,6.7
200101,3.13,5.78,-5.33,-5.31,-6.55,0.54,-25.05
200102,-10.05,2.63,12.58,9.09,9.56,0.38,12.51
200103,-7.26,2.27,6.52,3.27,3.94,0.42,8.35
200104,7.94,-0.66,-4.8,-3.42,-3.95,0.39,-7.97
200105,0.72,3.56,3.34,0.17,2.18,0.32,2.12
200106,-1.94,6.63,-1.16,1.32,-1.79,0.28,0.34
200107,-2.13,-2.83,5.35,7.42,3.01,0.3,5.47
200108,-6.46,2.73,2.33,3.94,6.5,0.31,5.54
200109,-9.25,-5.74,1.57,4.89,3.28,0.28,11.54
200110,2.46,5.37,-7.66,-2.98,-4.64,0.22,-8.41
200111,7.54,-0.35,2.16,-3.88,-1.66,0.17,-8.58
200112,1.61,5.21,0.9,0.24,-0.29,0.15,-0.02
200201,-1.44,1.23,3.38,4.66,2.84,0.14,3.68
200202,-2.29,-0.38,2.21,8.04,5.12,0.13,6.77
200203,4.24,4.2,1.08,-1.75,0.61,0.13,-1.67
200204,-5.2,6.65,3.96,4.46,5.41,0.15,7.95
200205,-1.38,-3.08,1.57,2.16,2.42,0.14,2.97
200206,-7.21,3.8,0.04,3.79,2.51,0.13,6.15
200207,-8.18,-6.26,-3.71,3.72,-0.72,0.15,3.34
200208,0.5,-1.42,3.23,1.25,-1.62,0.14,1.76
200209,-10.35,3.03,1.49,3.19,-2.28,0.14,9.09
200210,7.84,-4.32,-4.07,-3.35,0.91,0.14,-5.31
200211,5.96,3.02,-1.51,-8.93,5.1,0.12,-16.19
200212,-5.76,0.51,2.28,6.18,-1.6,0.11,9.64
200301,-2.57,0.72,-0.86,-0.94,0.79,0.1,1.6
200302,-1.88,-0.95,-1.33,0.87,-0.55,0.09,1.25
200303,1.09,0.59,-2.15,1.89,-0.71,0.1,1.6
200304,8.22,1.05,0.89,-4.59,1.11,0.1,-9.49
200305,6.05,4.67,0.11,-7.07,3.14,0.09,-10.85
200306,1.42,1.68,0.39,0.48,-0.36,0.1,-1.09
200307,2.35,4.71,-1.08,-4.22,1.87,0.07,-0.31
200308,2.34,2.58,1.61,-2.29,2.2,0.07,-0.55
200309,-1.24,0.46,0.05,1.07,0.31,0.08,-0.19
200310,6.08,2.66,1.92,-1.37,1.55,0.07,3.73
200311,1.35,2.22,1.8,0.14,1.67,0.07,1.63
200312,4.29,-2.58,1.58,0.49,0.97,0.08,-5.69
200401,2.15,2.44,2.45,-3.67,3.4,0.07,2.59
200402,1.4,-0.96,0.86,2.16,-1.34,0.06,-1.07
200403,-1.32,2.13,0.24,1.7,-1.04,0.09,0.22
200404,-1.83,-2.05,-3.07,3.48,-2.8,0.08,-5.37
200405,1.17,-0.43,-0.29,-1.19,-0.08,0.06,1.59
200406,1.86,2.57,1.23,1.18,-0.41,0.08,2.09
200407,-4.06,-3.05,3.28,5.07,-1.62,0.1,-2.28
200408,0.08,-1.26,0.96,1.14,-1.45,0.11,-1.58
200409,1.6,3.28,-0.07,-1.32,-1.89,0.11,5.25
200410,1.43,0.2,-0.29,-0.3,0.4,0.11,-1.52
200411,4.54,4.08,1.43,-0.66,-0.23,0.15,3.23
200412,3.43,-0.06,-0.18,-1.17,0.51,0.16,-2.83
200501,-2.76,-1.21,2.01,2.73,-1.38,0.16,3.19
200502,1.89,-0.3,1.63,1.47,-0.04,0.16,3.18
200503,-1.97,-1.35,2.14,0.56,1.12,0.21,0.55
200504,-2.61,-4.02,0.05,0.82,-0.9,0.21,-0.85
200505,3.65,2.72,-0.66,-1.09,0.28,0.24,0.43
200506,0.57,3.26,2.82,1.1,-0.52,0.23,2.06
200507,3.92,2.79,-0.83,-1.21,-0.98,0.24,-0.03
200508,-1.22,-0.88,1.38,-2.1,0.44,0.3,2.27
200509,0.49,-0.34,0.74,0.34,-0.57,0.29,3.45
200510,-2.02,-1.41,0.45,-0.86,-1.25,0.27,-1.3
200511,3.61,0.81,-1.16,-0.77,-1.18,0.31,0.27
200512,-0.25,-0.25,0.24,0.17,0.22,0.32,0.76
200601,3.04,5.8,0.99,-0.6,-0.54,0.35,2.68
200602,-0.3,-0.44,-0.26,-0.58,2.03,0.34,-1.84
200603,1.46,3.42,0.68,-0.03,-0.52,0.37,1.26
200604,0.73,-0.8,2.37,1.8,-0.2,0.36,0.61
200605,-3.57,-3,2.45,1.07,1.31,0.43,-3.65
200606,-0.35,-0.23,0.92,1.36,-0.11,0.4,1.47
200607,-0.78,-3.63,2.67,1.67,0.93,0.4,-2.22
200608,2.03,0.47,-1.98,-1.79,2.15,0.42,-3.46
200609,1.84,-1.4,-0.04,0.91,0.53,0.41,-0.95
200610,3.23,1.94,-0.3,-0.09,0.26,0.41,-0.24
200611,1.71,0.8,0.07,0.19,-0.88,0.42,-1.01
200612,0.87,-0.8,2.72,-0.61,2.05,0.4,0.84
200701,1.4,0.12,-0.69,0.54,0.24,0.44,0.18
200702,-1.96,1.39,-0.17,-0.45,-0.74,0.38,-1.36
200703,0.68,0.15,-0.83,0.55,-0.59,0.43,2.5
200704,3.49,-2.06,-1.38,1.05,1.01,0.44,-0.15
200705,3.24,0.41,-0.63,1.57,-1.29,0.41,-0.27
200706,-1.96,0.75,-1.1,0.57,0.07,0.4,0.39
200707,-3.73,-2.9,-3.55,0.19,-1.04,0.4,2.81
200708,0.92,-0.4,-1.91,-1.33,-0.56,0.42,0.1
200709,3.22,-2.39,-2.21,-0.54,-3.17,0.32,4.57
200710,1.8,-0.01,-2.91,-0.25,-0.1,0.32,4.88
200711,-4.83,-2.93,-1,1.72,-0.34,0.34,0.9
200712,-0.87,0.15,-0.59,0.83,-1.09,0.27,6.54
200801,-6.36,-0.48,3.67,2.28,2.2,0.21,-7.88
200802,-3.09,-0.51,-0.88,1.06,-1.06,0.13,6.11
200803,-0.93,0.66,0.14,0.95,0.47,0.17,4.1
200804,4.6,-1.07,-0.96,1.99,-2.54,0.18,-0.33
200805,1.86,3.14,-1.45,1.04,0.04,0.18,3.21
200806,-8.44,1.19,-2.77,4.94,-0.42,0.17,12.54
200807,-0.77,3.63,5.27,-1.2,1.06,0.15,-5.13
200808,1.53,3.4,1.45,1.88,0.81,0.13,-4.03
200809,-9.24,0.28,6.07,2.31,1.78,0.15,0.36
200810,-17.23,-3.31,-2.37,2.94,1.92,0.08,7.79
200811,-7.86,-3.88,-6.31,4.5,2.72,0.03,7.17
200812,1.74,3.36,0.14,0.06,-1.41,0,-5.07
200901,-8.12,-1.9,-11.12,0.44,-1.16,0,-1.82
200902,-10.1,-1.2,-7.03,1.32,-1.11,0.01,4.03
200903,8.95,0.68,3.4,-2.45,-2.22,0.02,-11.61
200904,10.18,6.94,5.21,1.38,0.14,0.01,-34.39
200905,5.21,-2.46,0.49,-1.2,-2.16,0,-12.47
200906,0.43,2.28,-2.62,-1.38,-0.18,0.01,5.3
200907,7.72,2.4,4.87,-0.41,3.21,0.01,-5.37
200908,3.33,-0.1,7.5,-2.81,3.23,0.01,-8.82
200909,4.08,2.72,0.89,1.57,0.38,0.01,-4.95
200910,-2.59,-4.79,-4.03,3.98,-1.68,0,2.66
200911,5.56,-2.76,-0.25,0.99,0.16,0,0.33
200912,2.75,6.27,-0.11,0.82,-0.08,0.01,2.91
201001,-3.36,0.34,0.33,-1.18,0.43,0,-5.36
201002,3.4,1.48,3.19,-0.4,1.43,0,3.63
201003,6.31,1.8,2.11,-0.67,1.69,0.01,3.71
201004,2,4.99,2.91,0.88,1.69,0.01,3.21
201005,-7.89,0.09,-2.39,1.24,-0.19,0.01,-0.17
201006,-5.57,-2.46,-4.52,-0.31,-1.5,0.01,-2.99
201007,6.93,0.09,-0.36,0.29,2.03,0.01,1.9
201008,-4.77,-3.15,-1.9,0.49,-1.67,0.01,-0.18
201009,9.54,3.72,-3.23,-0.32,0.49,0.01,1.35
201010,3.88,0.71,-2.46,1.16,-0.16,0.01,1.66
201011,0.6,3.67,-0.95,0.34,1.6,0.01,2.54
201012,6.82,0.99,3.64,-3.42,3.18,0.01,-3.18
201101,1.99,-2.43,0.82,-0.64,0.75,0.01,-0.29
201102,3.49,1.63,1.29,-1.96,0.95,0.01,2.08
201103,0.46,2.66,-1.76,1.58,-0.01,0.01,3.52
201104,2.9,-0.56,-2.43,0.88,-0.79,0,0.06
201105,-1.27,-0.6,-2.05,2.08,-1.59,0,-0.57
201106,-1.75,0.15,-0.42,2.38,-1.48,0,1.77
201107,-2.35,-1.31,-0.88,2.64,-1.68,0,-0.01
201108,-5.99,-3.16,-2.56,3.41,-0.2,0.01,-0.34
201109,-7.59,-3.68,-1.71,2.12,0.27,0,-2.52
201110,11.35,3.47,0.13,-2.41,-0.85,0,-1.44
201111,-0.28,-0.25,-0.48,1.83,1.49,0,4.01
201112,0.74,-0.39,1.68,1.01,2.36,0,1.98
201201,5.05,2.11,-0.9,-2.05,-1.41,0,-7.94
201202,4.42,-1.69,0.46,-0.38,-0.06,0,-0.28
201203,3.11,-0.5,1.21,-0.57,0.81,0,1.51
201204,-0.85,-0.52,-0.77,1.26,0.67,0,3.83
201205,-6.19,0,-1.04,2.5,2.41,0.01,6.63
201206,3.89,0.94,0.58,-1.26,0.32,0,-0.76
201207,0.79,-2.69,-0.05,0.93,0.1,0,3.1
201208,2.55,0.44,1.12,-1.42,-0.72,0.01,-2.47
201209,2.73,0.65,1.56,-1.32,1.6,0.01,-1.06
201210,-1.76,-0.8,3.61,-1.5,2.27,0.01,0.08
201211,0.78,0.31,-0.83,0.39,0.92,0.01,0.4
201212,1.18,1.88,3.53,-1.79,0.89,0.01,-2.95
201301,5.57,0.55,0.98,-1.72,1.46,0,-1.9
201302,1.29,-0.36,0.13,-0.65,0.47,0,1.31
201303,4.03,0.85,-0.23,0.55,1.32,0,1.96
201304,1.55,-2.28,0.53,0.13,0.48,0,0.27
201305,2.8,2,2.61,-2.01,-0.74,0,-1.74
201306,-1.2,1.35,-0.09,-0.35,-0.02,0,0.58
201307,5.65,1.81,0.56,-1.33,0.55,0,1.78
201308,-2.71,-0.03,-2.66,0.59,-2.18,0,0.02
201309,3.77,2.65,-1.15,-0.6,-1.26,0,2.96
201310,4.18,-1.49,1.21,2.78,0.84,0,0.17
201311,3.13,1.33,0.29,0.13,0.07,0,0.44
201312,2.81,-0.58,-0.05,-0.47,0.09,0,0.07
201401,-3.32,0.58,-2.02,-3.93,-1.36,0,1.74
201402,4.65,0.11,-0.36,-0.24,-0.41,0,2.05
201403,0.43,-1.12,4.9,2.17,1.83,0,-3.38
201404,-0.19,-4.13,1.12,3.53,1.02,0,-3.77
201405,2.06,-1.91,-0.12,0.03,-1.05,0,1.21
201406,2.61,3.09,-0.67,-1.91,-1.95,0,0.74
201407,-2.04,-4.27,0.02,0.92,0.47,0,-0.24
201408,4.24,0.29,-0.42,-0.61,-0.7,0,0.79
201409,-1.97,-3.74,-1.38,1.24,-0.53,0,0.44
201410,2.52,3.8,-1.8,-0.48,-0.19,0,-0.04
201411,2.55,-2.27,-3.07,1.49,0.2,0,1.06
201412,-0.06,2.85,2.23,-1.16,0.88,0,1.09
201501,-3.11,-0.86,-3.56,1.68,-1.65,0,3.81
201502,6.14,0.23,-1.81,-1.16,-1.78,0,-2.83
201503,-1.12,3.04,-0.41,0.1,-0.51,0,3
201504,0.59,-3.06,1.88,-0.04,-0.45,0,-7.32
201505,1.36,0.8,-1.1,-1.82,-0.74,0,6.03
201506,-1.53,2.86,-0.74,0.42,-1.5,0,3.07
201507,1.54,-4.51,-4.21,0.1,-2.5,0,10.29
201508,-6.04,0.38,2.73,0.69,1.24,0,-2.09
201509,-3.07,-2.77,0.39,1.86,-0.45,0,5.35
201510,7.75,-2.18,-0.25,0.87,0.41,0,-4.03
201511,0.56,3.37,-0.49,-2.64,-1.08,0,2.21
201512,-2.17,-3.01,-2.45,0.45,0.04,0.01,3.41
201601,-5.77,-3.41,2.01,2.81,3.05,0.01,1.34
201602,-0.08,0.98,-0.59,3.33,2.12,0.02,-4.06
201603,6.96,1.07,1.11,0.77,-0.08,0.02,-5.13
201604,0.92,1.18,3.28,-2.89,2.01,0.01,-6.26
201605,1.78,-0.72,-1.6,-1.19,-2.52,0.01,2.14
201606,-0.05,0.5,-1.4,1.41,1.98,0.02,4.11
201607,3.95,2.6,-1.23,1.14,-1.24,0.02,-3.08
201608,0.5,1.66,3.31,-1.81,-0.35,0.02,-3.17
201609,0.25,1.79,-1.21,-2.13,-0.06,0.02,-0.53
201610,-2.02,-4.08,4.07,0.91,0.21,0.02,0.69
201611,4.86,6.8,8.22,-0.07,3.78,0.01,-4.07
201612,1.82,0.41,3.51,1.14,-0.29,0.03,-0.38
201701,1.94,-1.35,-2.81,-0.5,-0.94,0.04,-0.98
201702,3.57,-2.18,-1.79,0.27,-1.74,0.04,-1.63
201703,0.17,0.8,-3.33,0.8,-1.04,0.03,-0.92
201704,1.09,0.48,-2.11,1.96,-1.58,0.05,0.44
201705,1.06,-3.11,-3.67,1.02,-1.93,0.06,1.46
201706,0.78,2.46,1.45,-2.23,-0.05,0.06,-0.32
201707,1.87,-1.65,-0.36,-0.77,-0.21,0.07,1.66
201708,0.16,-1.81,-2.19,0.14,-2.42,0.09,3.55
201709,2.51,4.78,3.14,-1.38,1.64,0.09,-1.18
201710,2.25,-1.96,0.12,0.93,-3.35,0.09,4.3
201711,3.12,-0.33,-0.09,3.3,0.05,0.08,-0.71
201712,1.06,-1.02,0.17,0.72,1.67,0.09,-1.63
201801,5.58,-3.19,-1.32,-0.82,-0.86,0.11,3.94
201802,-3.65,0.37,-1.01,0.58,-2.23,0.11,3.97
201803,-2.35,3.6,-0.12,-0.45,0,0.12,-1.28
201804,0.29,0.96,0.5,-2.33,1.18,0.14,0.27
201805,2.65,4.74,-3.15,-2.01,-1.44,0.14,3.8
201806,0.48,0.89,-2.31,0.83,0.34,0.14,-2.38
201807,3.19,-1.95,0.57,1.53,0.4,0.16,-1.67
201808,3.44,0.64,-3.92,-0.15,-2.47,0.16,5.22
201809,0.06,-2.49,-1.63,0.59,1.26,0.15,-0.06
201810,-7.68,-4.51,3.46,0.91,3.45,0.19,-1.84
201811,1.69,-0.8,0.34,-0.63,0.33,0.18,-1.33
201812,-9.55,-2.99,-1.89,-0.09,0.15,0.19,1.85
201901,8.41,3.05,-0.46,-0.65,-1.36,0.21,-8.65
201902,3.4,1.79,-2.71,0.09,-1.47,0.18,0.86
201903,1.1,-3.56,-4.19,0.86,-1.03,0.19,2.14
201904,3.96,-1.16,2.02,1.64,-2.18,0.21,-2.55
201905,-6.94,-1.5,-2.28,-0.54,1.78,0.21,7.6
201906,6.93,0.33,-0.79,0.99,-0.38,0.18,-2.14
201907,1.19,-1.91,0.34,-0.16,0.34,0.19,2.72
201908,-2.58,-3.28,-4.85,0.42,-0.89,0.16,7.64
201909,1.43,0.24,6.77,1.99,3.5,0.18,-6.85
201910,2.06,0.2,-1.88,0.25,-0.99,0.15,0.29
201911,3.87,0.52,-2.05,-1.58,-1.24,0.12,-2.6
201912,2.77,0.94,1.91,0.09,1.29,0.14,-2.27
202001,-0.11,-4.4,-6.27,-1.36,-2.34,0.13,5.43
202002,-8.13,-0.03,-3.92,-1.61,-2.49,0.12,-0.23
202003,-13.38,-8.38,-13.96,-1.38,1.21,0.12,8.54
202004,13.65,2.79,-1.39,2.51,-1.03,0,-5.49
202005,5.58,1.93,-5.05,0.71,-3.28,0.01,0.67
202006,2.46,1.94,-2.35,0.03,0.34,0.01,-0.75
202007,5.77,-3.03,-1.39,0.55,1.06,0.01,7.61
202008,7.63,-0.94,-2.94,4.27,-1.44,0.01,0.51
202009,-3.63,0.07,-2.51,-1.15,-1.77,0.01,3.05
202010,-2.1,4.76,4.03,-0.6,-0.53,0.01,-3.03
202011,12.47,6.75,2.11,-2.78,1.05,0.01,-12.25
202012,4.63,4.67,-1.36,-2.15,0,0.01,-2.42
202101,-0.04,6.88,2.85,-3.33,4.68,0,4.42
202102,2.79,4.51,7.07,0.09,-1.98,0,-7.68